{"catfish":{"width":20,"height":16,"show":true},"perch":{"width":20,"height":15,"show":true},"brown_trout":{"width":12,"height":20,"show":true},"minnow":{"width":20,"height":12,"show":true},"bluegill":{"width":12,"height":20,"show":true},"carp":{"width":12,"height":20,"show":true},"jellyfish":{"width":12,"height":20,"show":true},"red_grouper":{"width":12,"height":20,"show":true},"muskellunge":{"width":20,"height":12,"show":true},"atlantic_halibut":{"width":19,"height":15,"show":true},"atlantic_herring":{"width":20,"height":12,"show":true},"gar":{"width":20,"height":12,"show":true}}