{"minecraft:overworld":[{"name":"DP(5724_98_1454)","x":5724,"y":98,"z":1454,"color":16777215,"icon":"SKULL","max-distance":0,"min-distance":0,"enabled":true},{"name":"DP(5886_81_693)","x":5886,"y":81,"z":693,"color":16777215,"icon":"SKULL","max-distance":0,"min-distance":0,"enabled":true},{"name":"DP(6005_64_1171)","x":6005,"y":64,"z":1171,"color":16777215,"icon":"SKULL","max-distance":0,"min-distance":0,"enabled":true},{"name":"DP(6014_63_1169)","x":6014,"y":63,"z":1169,"color":16777215,"icon":"SKULL","max-distance":0,"min-distance":0,"enabled":true},{"name":"DP(6021_63_1167)","x":6021,"y":63,"z":1167,"color":16777215,"icon":"SKULL","max-distance":0,"min-distance":0,"enabled":true},{"name":"DP(6015_63_1155)","x":6015,"y":63,"z":1155,"color":16777215,"icon":"SKULL","max-distance":0,"min-distance":0,"enabled":true},{"name":"DP(6015_63_1170)","x":6015,"y":63,"z":1170,"color":16777215,"icon":"SKULL","max-distance":0,"min-distance":0,"enabled":true}]}