{"blue_jay":{"width":16,"height":17,"show":true},"cockroach":{"width":20,"height":9,"show":true},"moose":{"width":16,"height":17,"show":true},"rocky_roller":{"width":16,"height":20,"show":true},"centipede_body":{"width":20,"height":9,"show":true},"centipede_tail":{"width":16,"height":15,"show":true},"fly":{"width":16,"height":16,"show":true},"centipede_head":{"width":12,"height":7,"show":true},"snow_leopard":{"width":12,"height":20,"show":true},"crow":{"width":11,"height":20,"show":true},"raccoon":{"width":16,"height":17,"show":true},"murmur":{"width":14,"height":20,"show":true},"murmur_head":{"width":13,"height":20,"show":true},"grizzly_bear":{"width":12,"height":20,"show":true},"gazelle":{"width":8,"height":20,"show":true},"lobster":{"width":20,"height":10,"show":true},"flying_fish":{"width":16,"height":17,"show":true}}